ID,Month,Vessel Arrivals (Number),Vessel Arrivals - Shipping Tonnage (Thousand Gross Tonnes),Total Cargo (Thousand Tonnes),Cargo (General) (Thousand Tonnes),Cargo (Bulk) (Thousand Tonnes),Cargo (Oil-In-Bulk) (Thousand Tonnes),Cargo (General & Non-Oil In Bulk) (Thousand Tonnes),Total Container Throughput (Thousand Twenty-Foot Equivalent Units),Bunker Sales (Thousand Tonnes),Singapore Registry Of Ships (End Of Period) - Number (Number),Singapore Registry Of Ships (End Of Period) - '000 GT (Thousand Gross Tonnes),Month Val,Month Num,Year,Month Rank
0,1995 Jan,8876,58979,24871.1,13565.7,11305.4,10530.7,14340.4,946.4,1565.3,2672,13260,1/1/1995,1,1995,1
1,1995 Feb,7593,53787,22954.8,12275.1,10679.7,10065.8,12889.1,867.4,1333.7,2687,13270,1/2/1995,2,1995,2
2,1995 Mar,8610,58441,25394,14176.4,11217.6,10517.3,14876.8,969.5,1511.1,2699,13411,1/3/1995,3,1995,3
3,1995 Apr,8483,59352,25076.7,14141.2,10935.4,10233.8,14842.9,960.1,1556.9,2717,13651,1/4/1995,4,1995,4
4,1995 May,8749,61696,25824.3,14375.2,11449.1,10652.9,15171.4,988.3,1470.1,2743,14140,1/5/1995,5,1995,5
5,1995 Jun,8507,55360,25318.3,14131.3,11187,10369,14949.3,973,1454.8,2758,14268,1/6/1995,6,1995,6
6,1995 Jul,8669,61311,25975.9,14522,11453.9,10685.4,15290.5,1037.4,1530.9,2789,14498,1/7/1995,7,1995,7
7,1995 Aug,8498,60099,27226.2,14893,12333.3,11342.4,15883.8,1046.5,1418.3,2814,14572,1/8/1995,8,1995,8
8,1995 Sep,8582,58361,25154,13922,11231.9,10388.4,14765.5,977.5,1451.3,2834,14694,1/9/1995,9,1995,9
9,1995 Oct,9140,60324,26111.1,14857.2,11253.9,10436.7,15674.3,1047.9,1472.3,2867,14670,1/10/1995,10,1995,10
10,1995 Nov,8788,58842,25243.8,13955.9,11287.9,10587.9,14655.9,986.9,1324.5,2877,14959,1/11/1995,11,1995,11
11,1995 Dec,9519,64022,26333.8,14929.7,11404.1,10564.6,15769.2,1045.1,1400,2910,14964,1/12/1995,12,1995,12
12,1996 Jan,9592,62435,25808.4,14304.4,11504,10682.4,15126,1047.7,1434.5,2955,15346,1/1/1996,1,1996,13
13,1996 Feb,8687,61216,23739.6,12879.5,10860.1,10166.6,13573,958.4,1425.8,2985,15598,1/2/1996,2,1996,14
14,1996 Mar,9971,67917,26446.1,14368.2,12077.9,11270,15176.2,1021.5,1506.5,3005,15820,1/3/1996,3,1996,15
15,1996 Apr,9633,63417,26945.7,14501.2,12444.5,11663.3,15282.4,1041,1434,3030,15978,1/4/1996,4,1996,16
16,1996 May,9836,65486,26302.3,14370.4,11931.9,11254.4,15047.9,1093.6,1603.1,3050,16184,1/5/1996,5,1996,17
17,1996 Jun,9635,63610,26356.6,14517.8,11838.8,11005.8,15350.8,1073.7,1488.4,3048,16467,1/6/1996,6,1996,18
18,1996 Jul,10046,64756,27257.2,15399.1,11858,11023.5,16233.7,1143.9,1392.9,3065,16593,1/7/1996,7,1996,19
19,1996 Aug,9888,64188,26035.3,14917,11118.3,10338.8,15696.5,1128.5,1355.9,3078,16776,1/8/1996,8,1996,20
20,1996 Sep,9840,63964,26650.7,14685.5,11965.2,11146.3,15504.4,1085.7,1190.7,3109,16842,1/9/1996,9,1996,21
21,1996 Oct,10218,63443,26048.1,15268.1,10780.1,10072.2,15976,1137.7,1353.7,3121,16999,1/10/1996,10,1996,22
22,1996 Nov,10083,63469,25827.1,14716.8,11110.3,10417.3,15409.8,1098.7,1330.1,3141,17365,1/11/1996,11,1996,23
23,1996 Dec,10294,64617,26747,15155.3,11591.6,10837.3,15909.7,1114.1,1422.8,3157,18239,1/12/1996,12,1996,24
24,1997 Jan,10726,66987,25750.6,14734.7,11016,10010.9,15739.7,1105.2,1506.8,3173,18270,1/1/1997,1,1997,25
25,1997 Feb,8945,58576,23303.6,12765.9,10537.7,9830.1,13473.5,963.3,1377.2,3186,18290,1/2/1997,2,1997,26
26,1997 Mar,10605,64323,27979.1,15847,12132.1,11127.7,16851.4,1187.1,1391.4,3204,18350,1/3/1997,3,1997,27
27,1997 Apr,10332,66139,28391.1,15489.8,12901.3,11826.8,16564.3,1139.7,1490.5,3222,18420,1/4/1997,4,1997,28
28,1997 May,10861,68991,30382.9,15921.5,14461.4,13520.9,16861.9,1180.4,1432.7,3251,18640,1/5/1997,5,1997,29
29,1997 Jun,10730,66251,28220.2,15733.7,12486.5,11414.6,16805.6,1183.7,1452.6,3262,18680,1/6/1997,6,1997,30
30,1997 Jul,11334,70502,28400.1,16179.8,12220.3,11143.5,17256.7,1250.6,1519.1,3286,18890,1/7/1997,7,1997,31
31,1997 Aug,11169,69370,26756.7,15967.4,10789.3,9770.5,16986.2,1235.6,1371.8,3309,19070,1/8/1997,8,1997,32
32,1997 Sep,11317,66702,27697.2,15815.6,11881.6,10830.5,16866.6,1207.1,1295,3339,19780,1/9/1997,9,1997,33
33,1997 Oct,11481,72515,27912.7,16310.1,11602.6,10365.1,17547.6,1272,1321.7,3358,20450,1/10/1997,10,1997,34
34,1997 Nov,11075,65784,25827.5,15322,10505.5,9467,16360.5,1198.9,1306,3365,20680,1/11/1997,11,1997,35
35,1997 Dec,11758,72166,26885.1,15471.4,11413.7,10478.9,16406.2,1212.4,1475.9,3380,20770,1/12/1997,12,1997,36
36,1998 Jan,11479,75372,24928.7,13534.9,11393.8,10334.4,14594.3,1144.1,1635.3,3414,20770,1/1/1998,1,1998,37
37,1998 Feb,10631,67629,22358.2,11995.4,10362.8,9400.5,12957.7,1048,1418.6,3440,20940,1/2/1998,2,1998,38
38,1998 Mar,11640,70675,27685.4,14900.5,12785,11548.7,16136.8,1312.2,1512.1,3429,21120,1/3/1998,3,1998,39
39,1998 Apr,11095,67126,25574,13722,11852,10966.6,14607.4,1256.4,1351.1,3439,21080,1/4/1998,4,1998,40
40,1998 May,11909,72884,26646.8,14567.4,12079.4,11125.4,15521.5,1278.5,1593.5,3433,21330,1/5/1998,5,1998,41
41,1998 Jun,11702,70458,26268.2,14735.9,11532.3,10565.4,15702.7,1355.1,1423.4,3441,21470,1/6/1998,6,1998,42
42,1998 Jul,11915,73530,26381,14570.1,11810.9,10654.8,15726.2,1327.4,1650.9,3447,21680,1/7/1998,7,1998,43
43,1998 Aug,12030,71495,26452.3,15031.7,11420.6,10420.6,16031.6,1286.2,1592.8,3433,21700,1/8/1998,8,1998,44
44,1998 Sep,11904,70952,25306.2,14867,10439.2,9465.9,15840.3,1275.3,1433,3436,22000,1/9/1998,9,1998,45
45,1998 Oct,12078,73017,25810.2,14832.2,10978.1,9952.1,15858.1,1289.8,1365.4,3432,22130,1/10/1998,10,1998,46
46,1998 Nov,12088,69784,26627.1,15013.3,11613.8,10716.2,15910.9,1268.2,1425.6,3422,22160,1/11/1998,11,1998,47
47,1998 Dec,12451,74733,28284,15198,13086,12017.5,16266.5,1294.4,1662,3412,22030,1/12/1998,12,1998,48
48,1999 Jan,12227,77270,27047.6,14248.6,12799,11652.6,15395,1198.2,1597.3,3419,21980,1/1/1999,1,1999,49
49,1999 Feb,10743,65346,23957.9,13347.7,10610.2,9718.8,14239.1,1143.9,1584.8,3406,22150,1/2/1999,2,1999,50
50,1999 Mar,12393,75934,28807.1,15448,13359,12230.6,16576.5,1321.7,1735.6,3401,22380,1/3/1999,3,1999,51
51,1999 Apr,11822,73570,28537.5,14955.5,13582.1,12467,16070.5,1292.7,1647,3401,22630,1/4/1999,4,1999,52
52,1999 May,12033,75977,27988.7,15968.9,12019.9,11046.9,16941.8,1369.4,1564.3,3405,22870,1/5/1999,5,1999,53
53,1999 Jun,11750,71145,25838.2,15518.1,10320.1,9388.5,16449.7,1357.8,1520,3393,22970,1/6/1999,6,1999,54
54,1999 Jul,12341,73503,26709,16220,10489,9325.6,17383.4,1381.6,1629.5,3389,23110,1/7/1999,7,1999,55
55,1999 Aug,12059,72860,25882.1,16711.7,9170.3,8084.3,17797.8,1426,1656.7,3384,23230,1/8/1999,8,1999,56
56,1999 Sep,11639,72681,27786.6,16002,11784.6,10631.5,17155.1,1345.8,1484.9,3377,23420,1/9/1999,9,1999,57
57,1999 Oct,11776,75110,27517.3,16525.5,10991.9,9776,17741.4,1381.8,1574.9,3369,23610,1/10/1999,10,1999,58
58,1999 Nov,11176,70150,26928.9,16307.2,10621.7,9511.2,17417.6,1338.4,1334.1,3361,23620,1/11/1999,11,1999,59
59,1999 Dec,11564,73581,28901.3,17300.4,11601,10552.6,18348.7,1387.6,1562.2,3360,23750,1/12/1999,12,1999,60
60,2000 Jan,11434,76261,25835.9,15378.6,10457.3,9419.3,16416.6,1333.9,1603.7,3365,24240,1/1/2000,1,2000,61
61,2000 Feb,10894,69437,26040.7,16018,10022.7,9288.1,16752.6,1383,1425.6,3363,24270,1/2/2000,2,2000,62
62,2000 Mar,12296,73167,26703.2,17788.8,8914.4,7702.8,19000.4,1512.4,1356.6,3360,24310,1/3/2000,3,2000,63
63,2000 Apr,12004,76678,27994.4,17107.2,10887.2,9993.6,18000.8,1455.2,1476.5,3369,24470,1/4/2000,4,2000,64
64,2000 May,12395,78392,28445,17153.4,11291.6,10137.2,18307.8,1494.1,1565.9,3370,24000,1/5/2000,5,2000,65
65,2000 Jun,12425,74873,27421.3,16835.2,10586.1,9650.7,17770.6,1486.3,1555.8,3373,22970,1/6/2000,6,2000,66
66,2000 Jul,12612,78893,27483,17189.6,10293.4,9112,18371,1492.5,1621.4,3371,23890,1/7/2000,7,2000,67
67,2000 Aug,12368,76848,26634.3,17314.7,9319.6,8137.7,18496.6,1507.1,1732.3,3374,24160,1/8/2000,8,2000,68
68,2000 Sep,11937,75658,26762.9,16221,10541.9,9348.2,17414.6,1393.9,1536,3355,23940,1/9/2000,9,2000,69
69,2000 Oct,12504,80766,28254.5,17108.2,11146.3,9934,18320.6,1431,1572.5,3364,23580,1/10/2000,10,2000,70
70,2000 Nov,12106,73453,26969.8,16028.1,10941.6,9869.7,17100.1,1325.5,1457.3,3339,23070,1/11/2000,11,2000,71
71,2000 Dec,12408,75754,27046.2,15434,11612.1,10736,16310.1,1272,1747.2,3335,23040,1/12/2000,12,2000,72
72,2001 Jan,12186,79224,23982.5,13912.1,10070.4,9020.3,14962.2,1181.3,1717.9,3350,23410,1/1/2001,1,2001,73
73,2001 Feb,11131,67571,23216.9,13824.9,9392,8391.4,14825.5,1156,1533.5,3348,23310,1/2/2001,2,2001,74
74,2001 Mar,12574,78792,26284,16317.4,9966.5,8880.9,17403,1341.8,1628.8,3334,23160,1/3/2001,3,2001,75
75,2001 Apr,11862,76961,25703.6,15430,10273.7,9141.9,16561.7,1265,1714.5,3343,23020,1/4/2001,4,2001,76
76,2001 May,12561,79461,25108.7,15408.8,9699.9,8620.3,16488.4,1307.8,1569.9,3338,22940,1/5/2001,5,2001,77
77,2001 Jun,12048,78941,26732.4,15804.3,10928.1,9480.7,17251.7,1294.5,1631.5,3343,22800,1/6/2001,6,2001,78
78,2001 Jul,12912,81576,27816.9,16448.3,11368.6,10345.6,17471.3,1353.5,1783.7,3346,22870,1/7/2001,7,2001,79
79,2001 Aug,12696,82116,28675.1,16062.6,12612.6,11660.6,17014.5,1349.6,1737.4,3342,22960,1/8/2001,8,2001,80
80,2001 Sep,12055,81410,26373.8,15531.7,10842.1,9933.9,16439.9,1332.5,1728.1,3341,22960,1/9/2001,9,2001,81
81,2001 Oct,12454,86959,26029.2,16292.4,9736.7,8567.1,17462.1,1359.9,1877.7,3332,22950,1/10/2001,10,2001,82
82,2001 Nov,11871,82403,26715.7,15497.3,11218.3,9772.1,16943.6,1302.7,1706.9,3339,23040,1/11/2001,11,2001,83
83,2001 Dec,11915,84679,26848.2,15545.9,11302.3,9944.2,16904.1,1326.4,1721.9,3353,23160,1/12/2001,12,2001,84
84,2002 Jan,11910,80725,28368.1,15621.6,12746.5,11439.9,16928.2,1322.5,1611.6,3360,23134,1/1/2002,1,2002,85
85,2002 Feb,10512,72197,24656,14798.9,9857.1,8847.5,15808.5,1256.3,1594.3,3366,23387,1/2/2002,2,2002,86
86,2002 Mar,12115,83814,28476.4,17186.8,11289.6,10187.4,18289,1435,1681.4,3367,23431,1/3/2002,3,2002,87
87,2002 Apr,11631,83302,29221.3,16962.9,12258.4,10840.8,18380.5,1392.6,1681.7,3363,23281,1/4/2002,4,2002,88
88,2002 May,12089,83278,27326.2,17372.5,9953.7,8830,18496.2,1452.7,1690.2,3380,23059,1/5/2002,5,2002,89
89,2002 Jun,11719,80570,28628.7,16900.6,11728.1,10380.6,18248,1421.5,1654.2,3373,23174,1/6/2002,6,2002,90
90,2002 Jul,12458,84009,29716.3,17762.3,11954,10748.2,18968.2,1497.5,1641.6,3376,23415,1/7/2002,7,2002,91
91,2002 Aug,12178,80025,28494.5,17174.5,11320,9970.8,18523.7,1473.6,1664.2,3372,23197,1/8/2002,8,2002,92
92,2002 Sep,11878,77540,26665.7,16531,10134.7,8902.9,17762.8,1430.1,1609.5,3345,23424,1/9/2002,9,2002,93
93,2002 Oct,12369,82295,28353.9,16329.7,12024.1,10144.3,18209.6,1437.6,1701.9,3348,23320,1/10/2002,10,2002,94
94,2002 Nov,11976,81265,26288.5,15857.2,10431.2,8919.6,17368.9,1406.8,1817.6,3359,23522,1/11/2002,11,2002,95
95,2002 Dec,11911,82726,28960.4,16022.5,12937.9,11455.4,17505.1,1414.6,1748.2,3355,23551,1/12/2002,12,2002,96
96,2003 Jan,12072,84330,28997.8,15612.3,13385.5,12036.6,16961.2,1402.8,1800.1,3325,23551,1/1/2003,1,2003,97
97,2003 Feb,10478,76666,25999.4,14793.7,11205.7,9897.5,16101.9,1319.8,1607.1,3275,23586,1/2/2003,2,2003,98
98,2003 Mar,11860,86087,28183.6,17680.8,10502.7,9353.1,18830.5,1527.2,1761.2,3219,23639,1/3/2003,3,2003,99
99,2003 Apr,11108,82549,27803.7,16387.5,11416.2,10125.6,17678.1,1452.4,1659.7,3210,23886,1/4/2003,4,2003,100
100,2003 May,10837,81544,29772,16889.2,12882.8,11242.3,18529.6,1516.4,1747.6,3209,23995,1/5/2003,5,2003,101
101,2003 Jun,10755,82241,29041.4,17720.9,11320.5,10074.6,18966.8,1546,1681,3194,24212,1/6/2003,6,2003,102
102,2003 Jul,11317,82115,29415.9,17915.7,11500.2,9882.2,19533.7,1630,1604.9,3187,24616,1/7/2003,7,2003,103
103,2003 Aug,11284,84578,28743.2,17827.2,10915.9,9339.7,19403.5,1622.6,1710.3,3155,24636,1/8/2003,8,2003,104
104,2003 Sep,11098,81299,28688.3,17209.2,11479.1,9972.3,18716,1550.7,1730.1,3143,24490,1/9/2003,9,2003,105
105,2003 Oct,11502,81053,30827.7,18257.4,12570.3,10989.2,19838.5,1628.9,1736,3082,24865,1/10/2003,10,2003,106
106,2003 Nov,11342,80152,29684.2,17658.3,12025.9,10327.6,19356.6,1563.9,1853.6,3088,24956,1/11/2003,11,2003,107
107,2003 Dec,11733,83778,30537,18495.3,12041.7,10133.8,20403.1,1649.7,1917.3,3063,25572,1/12/2003,12,2003,108
108,2004 Jan,11448,85613,30385.6,17945.3,12440.3,10854.8,19530.8,1612.9,1858.6,3065,25361,1/1/2004,1,2004,109
109,2004 Feb,10724,78550,27040.8,16676.4,10364.4,8585.8,18455,1482.2,1766.8,3071,25504,1/2/2004,2,2004,110
110,2004 Mar,11882,87601,33339.4,19980.7,13358.7,11156.1,22183.2,1742.6,1869.2,3075,25853,1/3/2004,3,2004,111
111,2004 Apr,10466,85315,32763.9,19678.3,13085.6,10850.3,21913.6,1707.7,1985,3088,26058,1/4/2004,4,2004,112
112,2004 May,10975,86620,32313.3,20213.9,12099.5,10316.6,21996.8,1792.4,1977.6,3096,26056,1/5/2004,5,2004,113
113,2004 Jun,10764,84301,33540.5,21049.6,12490.9,10770.6,22769.9,1857.9,1963,3084,26504,1/6/2004,6,2004,114
114,2004 Jul,11287,88465,34463.5,21366.5,13097,11047.7,23415.8,1871.1,1977.5,3081,26584,1/7/2004,7,2004,115
115,2004 Aug,11028,87568,33888.7,21141.7,12747,10569.1,23319.5,1878,1979.1,3085,26935,1/8/2004,8,2004,116
116,2004 Sep,10933,89413,33399.9,20450,12949.9,11097.9,22302,1858.6,2019.5,3088,26970,1/9/2004,9,2004,117
117,2004 Oct,10950,88376,33234.6,20768.1,12466.5,10683.5,22551.1,1858.9,2004.9,3086,27099,1/10/2004,10,2004,118
118,2004 Nov,11018,90055,32711,19944,12766.9,11279.8,21431.2,1759.7,2008.7,3095,27488,1/11/2004,11,2004,119
119,2004 Dec,11710,90569,36336.5,21667,14669.5,12116.1,24220.4,1907.1,2156.8,3109,27711,1/12/2004,12,2004,120
120,2005 Jan,11744,94921,36556.9,20641.1,15915.8,13603.3,22953.6,1848.2,2102.3,3137,28416,1/1/2005,1,2005,121
121,2005 Feb,10025,82602,29914.2,18580.4,11333.8,9680.7,20233.5,1690.2,1807.2,3149,29267,1/2/2005,2,2005,122
122,2005 Mar,11345,94532,37092.2,22908.3,14183.9,12364.2,24728,1984.8,2069.8,3153,29732,1/3/2005,3,2005,123
123,2005 Apr,11044,93756,34202.7,21606.9,12595.8,10999.8,23203,1890.3,2153.4,3149,30297,1/4/2005,4,2005,124
124,2005 May,11260,96558,36755.1,22538.1,14216.9,12637.3,24117.8,1971.3,2081.3,3161,30399,1/5/2005,5,2005,125
125,2005 Jun,10764,95610,36613.7,22735.9,13877.9,11615.3,24998.4,1992.4,2138,3181,31186,1/6/2005,6,2005,126
126,2005 Jul,10826,96521,36617.9,22602.5,14015.4,11719.5,24898.4,1985.4,2240.4,3165,31353,1/7/2005,7,2005,127
127,2005 Aug,10878,101966,35956.8,22889.7,13067.1,11368.1,24588.7,2039.8,2268.4,3165,31523,1/8/2005,8,2005,128
128,2005 Sep,10498,95312,33036.6,21640.7,11395.9,9621.1,23415.5,1942.7,2137,3171,31656,1/9/2005,9,2005,129
129,2005 Oct,10922,102079,35922.5,22592.3,13330.2,11507.4,24415.2,1990.6,2252.1,3193,31989,1/10/2005,10,2005,130
130,2005 Nov,10263,97604,33929.9,21292,12638,11007.5,22922.4,1876.1,2084.7,3217,32445,1/11/2005,11,2005,131
131,2005 Dec,10749,100331,36669.2,22237.3,14431.9,11702.3,24966.9,1980.3,2144.5,3219,32963,1/12/2005,12,2005,132
132,2006 Jan,10536,106128,35061.8,22233.5,12828.4,10869.5,24192.3,1948.3,2230,3212,33450,1/1/2006,1,2006,133
133,2006 Feb,9791,97914,32483.7,19784.8,12699,10976.3,21507.4,1759.9,2057.9,3214,33873,1/2/2006,2,2006,134
134,2006 Mar,11200,109127,37937.2,23729.8,14207.4,12772.7,25164.5,2053,2302.6,3211,33975,1/3/2006,3,2006,135
135,2006 Apr,10563,106111,36306.5,23186.3,13120.3,12082,24224.6,1958.2,2217.7,3227,34003,1/4/2006,4,2006,136
136,2006 May,10952,113660,38856.9,23736.7,15120.3,13974.7,24882.3,2066.8,2491.6,3214,34050,1/5/2006,5,2006,137
137,2006 Jun,10857,110808,37824.8,23216.3,14608.5,13559.8,24265.1,2016.9,2192.9,3241,34444,1/6/2006,6,2006,138
138,2006 Jul,10858,109693,39043.1,23780.5,15262.5,14019.3,25023.8,2127.9,2347.7,3255,34631,1/7/2006,7,2006,139
139,2006 Aug,10952,115589,39758.2,25204.4,14553.9,13623,26135.3,2270,2518.7,3259,34512,1/8/2006,8,2006,140
140,2006 Sep,10955,110819,38242.8,23859.1,14383.7,13445.3,24797.5,2130.3,2410.7,3219,34439,1/9/2006,9,2006,141
141,2006 Oct,10743,110675,37211.7,23995.7,13216,12405.9,24805.8,2175.4,2556,3223,34580,1/10/2006,10,2006,142
142,2006 Nov,10661,110184,37111.3,23849.3,13262.1,12421.9,24689.5,2097.2,2390.9,3235,34624,1/11/2006,11,2006,143
143,2006 Dec,10854,114281,38665.7,24817,13848.7,12879.2,25786.5,2188.4,2662.3,3249,34793,1/12/2006,12,2006,144
144,2007 Jan,10918,116828,38394.8,24051.3,14343.5,13454,24940.8,2170.5,2255.8,3285,35061,1/1/2007,1,2007,145
145,2007 Feb,9604,107251,35288.4,23424.9,11863.6,11017.4,24271,2117.7,2668.9,3294,35027,1/2/2007,2,2007,146
146,2007 Mar,10501,121907,42405.2,26214.9,16190.3,15215,27190.2,2290.9,2567,3319,35472,1/3/2007,3,2007,147
147,2007 Apr,10252,117951,40394.6,25654.7,14740,13751.4,26643.3,2221.4,2624.9,3339,35950,1/4/2007,4,2007,148
148,2007 May,10631,120524,39753.2,26625.4,13127.8,12269.6,27483.7,2349.1,2504.7,3362,36210,1/5/2007,5,2007,149
149,2007 Jun,10585,122170,40672.5,25978.4,14694.2,13607.9,27064.6,2320.6,2716,3399,36769,1/6/2007,6,2007,150
150,2007 Jul,11070,125429,41426.9,27728,13698.9,12826.4,28600.5,2444.1,2493.5,3417,37440,1/7/2007,7,2007,151
151,2007 Aug,11146,124276,40231.7,27402.3,12829.4,11906.6,28325.1,2456.7,2925.8,3427,37711,1/8/2007,8,2007,152
152,2007 Sep,10986,126752,40191.3,25842.9,14348.3,13435.5,26755.8,2356.1,2811.5,3448,38326,1/9/2007,9,2007,153
153,2007 Oct,11083,126949,41916.4,26855.7,15060.7,13967.1,27949.3,2402.8,2721.8,3488,38870,1/10/2007,10,2007,154
154,2007 Nov,10783,122889,39871.3,26705.8,13165.5,12357.3,27514,2323.3,2523.4,3515,39209,1/11/2007,11,2007,155
155,2007 Dec,11009,126294,43069.8,28433.2,14636.6,13574.2,29495.6,2482.2,2732.7,3553,39603,1/12/2007,12,2007,156
156,2008 Jan,11058,133639,44314.1,28181.2,16132.9,15330.5,28983.7,2455.6,2802.2,3592,39930,1/1/2008,1,2008,157
157,2008 Feb,10043,122406,40388.7,26387.3,14001.4,13149.4,27239.3,2308.4,2734,3618,40385,1/2/2008,2,2008,158
158,2008 Mar,11123,138681,46800.2,29773.5,17026.7,16171,30629.2,2567.1,3045.3,3615,40998,1/3/2008,3,2008,159
159,2008 Apr,11149,140166,46604.8,29376.9,17227.9,16256.7,30348.1,2534.1,3047,3632,41020,1/4/2008,4,2008,160
160,2008 May,11429,139235,45893.7,30704.9,15188.8,14260,31633.8,2633,2919,3660,41475,1/5/2008,5,2008,161
161,2008 Jun,10879,129099,44132.5,29274.2,14858.2,13733.9,30398.6,2527,2810.4,3682,41798,1/6/2008,6,2008,162
162,2008 Jul,11378,135435,46417.4,30741,15676.4,14604.1,31813.3,2729.1,3030.9,3701,42084,1/7/2008,7,2008,163
163,2008 Aug,11201,141464,42388.8,29702.4,12686.4,11837.1,30551.6,2641.5,3151.7,3737,42482,1/8/2008,8,2008,164
164,2008 Sep,10760,134321,41932.6,28110.1,13822.5,12849.7,29082.9,2555.7,2856.2,3759,42581,1/9/2008,9,2008,165
165,2008 Oct,10897,133280,40886.3,27224.4,13661.8,12447.5,28438.8,2522,2925.5,3765,43125,1/10/2008,10,2008,166
166,2008 Nov,10741,134174,40142.5,24346.1,15796.4,14749.4,25393.2,2288.5,2879.9,3774,43190,1/11/2008,11,2008,167
167,2008 Dec,11037,139165,35513.7,22602.5,12911.2,11929.5,23584.1,2156.3,2734.3,3843,43702,1/12/2008,12,2008,168
168,2009 Jan,10560,143001,38767.2,20250,18517.2,17573.5,21193.7,1974.4,3019.7,3867,44000,1/1/2009,1,2009,169
169,2009 Feb,9889,127944,35249.6,19326.2,15923.4,15097.6,20152,1850.5,2670,3890,44569,1/2/2009,2,2009,170
170,2009 Mar,11056,152495,39279.1,23729.7,15549.4,14369.9,24909.2,2193.3,3129.7,3935,44934,1/3/2009,3,2009,171
171,2009 Apr,10698,145084,40207.5,22625.9,17581.6,15470.2,24737.3,2085.1,2884.8,3938,45383,1/4/2009,4,2009,172
172,2009 May,11187,159584,39974.8,22794.1,17180.8,15027.7,24947.2,2098.8,3227.2,3953,45099,1/5/2009,5,2009,173
173,2009 Jun,11029,143912,38027.3,22738.8,15288.5,14287.4,23739.9,2097,2960.7,3971,45352,1/6/2009,6,2009,174
174,2009 Jul,11438,154009,39810.6,24947,14863.7,13688.5,26122.1,2220.6,3072.6,3998,45571,1/7/2009,7,2009,175
175,2009 Aug,11261,153545,40461.4,24939.2,15522.2,14495.4,25966,2276.5,3063.1,4012,46311,1/8/2009,8,2009,176
176,2009 Sep,10799,150254,37834.5,23501.5,14333,13205,24629.4,2145.4,3172.4,4020,46364,1/9/2009,9,2009,177
177,2009 Oct,11163,155932,41378.4,25398.3,15980.1,14893.8,26484.6,2314.3,3122.3,3999,46132,1/10/2009,10,2009,178
178,2009 Nov,10502,146713,40179.9,25009.3,15170.6,14144.9,26035.1,2326.9,2882.8,4005,46185,1/11/2009,11,2009,179
179,2009 Dec,10993,152197,41129.8,25088.9,16040.9,15069.8,26060.1,2283.8,3181.3,3950,45632,1/12/2009,12,2009,180
180,2010 Jan,10993,154240,42395.7,25337.9,17057.7,15908.4,26487.3,2332.3,3212.5,3938,45730,1/1/2010,1,2010,181
181,2010 Feb,9981,145450,37963.4,23867.6,14095.8,13420.7,24542.7,2183.2,3022.4,3919,45962,1/2/2010,2,2010,182
182,2010 Mar,10997,158543,43825.5,26962.5,16863,15463.4,28362.1,2409.6,3328.5,3907,46067,1/3/2010,3,2010,183
183,2010 Apr,10431,153626,43045.2,26176.6,16868.6,15869.9,27175.3,2320.8,3422.6,3913,46357,1/4/2010,4,2010,184
184,2010 May,10706,160764,41188.4,27190.9,13997.6,13084.1,28104.3,2422.5,3470.4,3912,46403,1/5/2010,5,2010,185
185,2010 Jun,10598,160281,42564.5,26562.5,16002,14640.7,27923.8,2395,3543.8,3921,46541,1/6/2010,6,2010,186
186,2010 Jul,10891,166139,43035.3,27818.1,15217.2,14213.1,28822.2,2520.8,3563.8,3936,46620,1/7/2010,7,2010,187
187,2010 Aug,10645,160404,42657.8,26657.3,16000.5,14834.1,27823.7,2426.4,3375,3920,47124,1/8/2010,8,2010,188
188,2010 Sep,10200,160710,39048,24123.5,14924.4,14112.5,24935.5,2233.8,3553.7,3931,47618,1/9/2010,9,2010,189
189,2010 Oct,10546,168714,41743.5,26284.4,15459.1,14359.9,27383.6,2392.1,3556.1,3947,47768,1/10/2010,10,2010,190
190,2010 Nov,10307,163734,42119.1,26366.5,15752.7,14836.7,27282.4,2415.5,3311,3949,48177,1/11/2010,11,2010,191
191,2010 Dec,11004,166803,43755.7,26335.4,17420.4,16326.9,27428.9,2379,3493,3978,48783,1/12/2010,12,2010,192
192,2011 Jan,10937,177800,43240.8,27445.7,15795.1,14722.1,28518.6,2416.1,3642.4,3997,49584,1/1/2011,1,2011,193
193,2011 Feb,9488,159536,39113.8,23644.7,15469.2,14230.5,24883.4,2146.9,3268.8,4021,50399,1/2/2011,2,2011,194
194,2011 Mar,10994,181780,44948.9,28734.2,16214.7,15057.2,29891.7,2504.2,3520.7,4047,51481,1/3/2011,3,2011,195
195,2011 Apr,10401,169981,49585,27935.4,21649.6,20703.3,28881.7,2461.1,3248.5,4037,52168,1/4/2011,4,2011,196
196,2011 May,10680,177335,44975.1,28574.3,16400.8,15231.8,29743.3,2571.8,3621.9,4045,52470,1/5/2011,5,2011,197
197,2011 Jun,10468,170444,45665.1,28401.7,17263.5,16319.7,29345.4,2482.3,3859.2,4062,52981,1/6/2011,6,2011,198
198,2011 Jul,11148,177244,45338.4,29366.8,15971.7,15011.5,30327,2639.5,3642.9,4071,53683,1/7/2011,7,2011,199
199,2011 Aug,10827,181694,46280,28974.9,17305.1,16475.9,29804.1,2625.7,3815.3,4076,53880,1/8/2011,8,2011,200
200,2011 Sep,10432,171645,42308.6,26628.4,15680.2,14644,27664.5,2410.2,3568.4,4093,54686,1/9/2011,9,2011,201
201,2011 Oct,11069,188049,44155.2,29389.5,14765.8,13921.9,30233.3,2568.7,3546.2,4068,55105,1/10/2011,10,2011,202
202,2011 Nov,10519,176605,43038.5,27445.5,15593,14832.2,28206.3,2472.1,3615.4,4098,56060,1/11/2011,11,2011,203
203,2011 Dec,11035,188169,42526.1,28969.6,13556.5,12693.1,29832.9,2639,3804.1,4111,57360,1/12/2011,12,2011,204
204,2012 Jan,10743,189814,44855.7,27747,17108.7,15342.7,29513,2542.8,3668.5,4136,57811,1/1/2012,1,2012,205
205,2012 Feb,10120,171077,40963.4,26831.3,14132.2,13246.8,27716.7,2345.4,3092.7,4139,58579,1/2/2012,2,2012,206
206,2012 Mar,11050,191940,48623.7,30436.8,18186.9,15362.3,33261.4,2648.7,3608.8,4148,59086,1/3/2012,3,2012,207
207,2012 Apr,10669,186795,44219.2,29912.1,14307.1,13380.2,30839,2600,3735.4,4141,59779,1/4/2012,4,2012,208
208,2012 May,11218,197794,46734.5,30867.1,15867.4,14856.5,31878,2793,3985.7,4146,60294,1/5/2012,5,2012,209
209,2012 Jun,10790,186391,46243.7,30823.6,15420.1,14496.4,31747.3,2710.4,3646.9,4177,60934,1/6/2012,6,2012,210
210,2012 Jul,11099,191730,43821,30136.7,13684.3,12449.9,31371.1,2769.6,3655.2,4182,61628,1/7/2012,7,2012,211
211,2012 Aug,10825,189373,44291.7,28961.3,15330.4,14250,30041.8,2744.7,3556,4163,61935,1/8/2012,8,2012,212
212,2012 Sep,10768,182714,44792.6,29636.4,15156.2,14054.5,30738.2,2609.1,3326.4,4186,62582,1/9/2012,9,2012,213
213,2012 Oct,10959,189815,44993.4,29757.1,15236.3,14108.2,30885.2,2675.4,3508.4,4220,64167,1/10/2012,10,2012,214
214,2012 Nov,10906,189932,44964,29219.2,15744.8,14772.7,30191.3,2589.1,3275.6,4230,64665,1/11/2012,11,2012,215
215,2012 Dec,11275,186978,43509.1,29212.9,14296.2,13351.3,30157.8,2621.1,3625.7,4232,65018,1/12/2012,12,2012,216
216,2013 Jan,11564,196667,43408.5,27103.7,16304.9,15300.8,28107.8,2629.7,3787.6,4257,65602,1/1/2013,1,2013,217
217,2013 Feb,10363,175318,38312,24855.4,13456.7,12528.1,25783.9,2361.6,3076.4,4247,65707,1/2/2013,2,2013,218
218,2013 Mar,11579,186302,43779.9,30789.5,12990.4,11787.9,31992,2643.7,3362.7,4273,67412,1/3/2013,3,2013,219
219,2013 Apr,11360,189406,46426.9,30353.8,16073.2,14797.9,31629.1,2627.8,3647.9,4285,68425,1/4/2013,4,2013,220
220,2013 May,11803,199605,50999.9,32674,18325.9,17035.3,33964.6,2826.6,3533.9,4288,68873,1/5/2013,5,2013,221
221,2013 Jun,11565,189871,46946.2,30958.3,15987.9,14801.6,32144.6,2725.2,3478.2,4309,69817,1/6/2013,6,2013,222
222,2013 Jul,11992,204455,49700.6,33179,16521.6,15128.9,34571.7,2952.6,3740.8,4317,70615,1/7/2013,7,2013,223
223,2013 Aug,11921,198932,48765.3,31394,17371.3,15937.6,32827.7,2818.2,3488.1,4326,70921,1/8/2013,8,2013,224
224,2013 Sep,11716,195353,46298.3,30458.8,15839.5,14490,31808.3,2716,3610.5,4338,71685,1/9/2013,9,2013,225
225,2013 Oct,11975,196541,50268.5,31488.7,18779.8,17296,32972.6,2823.9,3780.6,4342,71911,1/10/2013,10,2013,226
226,2013 Nov,11667,196356,47916.3,30434.2,17482.1,16480.4,31435.9,2694.3,3373.1,4362,73055,1/11/2013,11,2013,227
227,2013 Dec,11912,197315,48065.3,31426.9,16638.4,14865.1,33200.2,2759.3,3802.4,4380,73615,1/12/2013,12,2013,228
228,2014 Jan,11754,214748,47411.4,30109.1,17302.3,15920.1,31491.3,2685.9,3557.8,4400,74875,1/1/2014,1,2014,229
229,2014 Feb,10679,180201,42919.1,26912.2,16006.9,14879.2,28039.9,2413.2,3277.4,4402,75377,1/2/2014,2,2014,230
230,2014 Mar,11886,203364,51450.4,33141,18309.4,16884.5,34565.9,2835.3,3184.9,4412,76350,1/3/2014,3,2014,231
231,2014 Apr,11432,193720,49432.7,32252.8,17179.9,15920.6,33512.1,2791.4,3812.9,4430,77503,1/4/2014,4,2014,232
232,2014 May,11589,202037,50534.3,32952.3,17582,16295.6,34238.7,2942.7,3637.6,4454,79030,1/5/2014,5,2014,233
233,2014 Jun,11227,189039,48149.3,32029.8,16119.5,14890.9,33258.4,2837.5,3373.8,4474,79144,1/6/2014,6,2014,234
234,2014 Jul,11172,201325,47329,33497.7,13831.3,12766.2,34562.8,2945.2,3662.6,4503,79535,1/7/2014,7,2014,235
235,2014 Aug,11091,199676,49716.2,32364.1,17352.1,16061.1,33655.1,2869.3,3668.8,4527,80065,1/8/2014,8,2014,236
236,2014 Sep,10818,196684,49281.1,32584.2,16696.9,15389.5,33891.6,2809.9,3521.5,4527,80497,1/9/2014,9,2014,237
237,2014 Oct,11281,195484,48892.9,32992.9,15899.9,14674,34218.8,2971.4,3593.6,4554,80965,1/10/2014,10,2014,238
238,2014 Nov,10766,202041,45674,32303.7,13370.2,12259.6,33414.3,2858.4,3548.4,4561,81521,1/11/2014,11,2014,239
239,2014 Dec,11188,192789,50477.6,33278.5,17199.1,15738.1,34739.5,2909.1,3577.5,4595,82249,1/12/2014,12,2014,240
240,2015 Jan,11319,208716,49881.1,31603.4,18277.6,16525.5,33355.5,2781.5,3680.1,4617,83089,1/1/2015,1,2015,241
241,2015 Feb,10240,189636,46021.4,29045.1,16976.3,15592.6,30428.8,2607.5,3396,4633,83111,1/2/2015,2,2015,242
242,2015 Mar,11126,200481,49873.4,32028,17845.3,15963.7,33909.6,2735.9,3577.5,4647,83473,1/3/2015,3,2015,243
243,2015 Apr,10762,205747,49117.9,31211.2,17906.7,16505.4,32612.5,2633.1,3665.9,4669,83789,1/4/2015,4,2015,244
244,2015 May,11021,208615,48533.8,31128.5,17405.4,15776.7,32757.2,2622.9,3707.2,4682,84105,1/5/2015,5,2015,245
245,2015 Jun,10960,202295,48248.3,30474.2,17774.1,16331.5,31916.8,2616.8,3536,4691,84586,1/6/2015,6,2015,246
246,2015 Jul,11295,210949,49972.5,30049.1,19923.3,18531.7,31440.7,2554.5,3785.3,4702,85496,1/7/2015,7,2015,247
247,2015 Aug,11536,225302,49042.9,30161.1,18881.8,17203.7,31839.2,2525.9,4287.8,4722,86151,1/8/2015,8,2015,248
248,2015 Sep,11045,208558,46474.3,28623.5,17850.8,16532.7,29941.6,2427.7,3847.6,4730,86341,1/9/2015,9,2015,249
249,2015 Oct,11144,210770,47232.6,29489.3,17743.3,16104.4,31128.2,2497,3637,4746,86571,1/10/2015,10,2015,250
250,2015 Nov,11046,209419,45171.3,28276.3,16895,15722.3,29449,2404.4,3984,4743,86631,1/11/2015,11,2015,251
251,2015 Dec,11428,223666,46276.5,29768.8,16507.7,15046.6,31229.9,2515.2,4051.2,4739,86300,1/12/2015,12,2015,252
252,2016 Jan,11657,228885,45918,29079.5,16838.6,15375.2,30542.9,2488.4,4164.5,4767,86851,1/1/2016,1,2016,253
253,2016 Feb,10621,204271,46718.7,27784.3,18934.4,17662.4,29056.4,2383.8,3510,4790,87058,1/2/2016,2,2016,254
254,2016 Mar,11789,227513,49494.7,29909.1,19585.6,18002.4,31492.3,2518,4149.8,4781,87099,1/3/2016,3,2016,255
255,2016 Apr,11530,225145,51300.9,29478.4,21822.5,20542.7,30758.3,2528.1,4109.7,4775,87145,1/4/2016,4,2016,256
256,2016 May,11708,230316,52727.6,30628.2,22099.4,20736.6,31990.9,2665.4,4363.7,4770,87228,1/5/2016,5,2016,257
257,2016 Jun,11454,222676,49019.3,29771.1,19248.2,17876.5,31142.8,2597.7,4086.9,4759,87225,1/6/2016,6,2016,258
258,2016 Jul,11322,222867,48110.3,28864.2,19246.1,18009.3,30101,2571.3,4115,4760,87379,1/7/2016,7,2016,259
259,2016 Aug,11708,227741,49625.1,30194.4,19430.8,17030.6,32594.5,2682.3,4228,4737,86490,1/8/2016,8,2016,260
260,2016 Sep,11437,212087,47875.8,29226.4,18649.4,17017.9,30857.9,2597,3831,4728,87251,1/9/2016,9,2016,261
261,2016 Oct,11928,220083,49769.2,28606,21163.1,19625.9,30143.3,2533.1,4008.8,4728,87656,1/10/2016,10,2016,262
262,2016 Nov,11713,221312,50101.4,29204.5,20896.9,19452.9,30648.5,2573.1,4142.2,4730,87771,1/11/2016,11,2016,263
263,2016 Dec,12131,219799,52635.6,30497.3,22138.3,20081.1,32554.5,2765.5,3904.9,4717,88023,1/12/2016,12,2016,264
264,2017 Jan,11925,235319,51044.8,28832.2,22212.6,20633.2,30411.6,2623.3,4462.2,4721,88448,1/1/2017,1,2017,265
265,2017 Feb,10666,207820,48370.1,27186.3,21183.8,19853.8,28516.3,2297.2,3846.4,4713,88749,1/2/2017,2,2017,266
266,2017 Mar,12318,234467,53068.3,31876.8,21191.5,19702.9,33365.3,2691.6,4341.9,4686,88475,1/3/2017,3,2017,267
267,2017 Apr,12260,229465,52937,32614.2,20322.8,18617.6,34319.3,2724.4,4253.3,4683,88828,1/4/2017,4,2017,268
268,2017 May,12655,243798,53920.1,33454.9,20465.2,18882.1,35038,2990.9,4180.6,4662,88908,1/5/2017,5,2017,269
269,2017 Jun,12275,235488,50979.4,31425.9,19553.5,17891.9,33087.5,2822.4,3836.3,4640,89248,1/6/2017,6,2017,270
270,2017 Jul,11811,232045,50115.5,31700.5,18415,16874,33241.5,2877,4393.7,4624,89660,1/7/2017,7,2017,271
271,2017 Aug,11916,234390,52963.5,32433.6,20529.9,18932.9,34030.6,2947.4,4363.6,4621,89636,1/8/2017,8,2017,272
272,2017 Sep,11619,231419,52833.2,31003,21830.2,20589.8,32243.3,2800,4341,4618,89988,1/9/2017,9,2017,273
273,2017 Oct,12549,234494,53877.1,31270.2,22606.9,21178.8,32698.3,2957.1,4005.3,4600,89873,1/10/2017,10,2017,274
274,2017 Nov,12347,236194,53120.2,31919.5,21200.8,19673.5,33446.7,2977.1,4315.6,4590,89609,1/11/2017,11,2017,275
275,2017 Dec,12806,244686,54458.9,32328.7,22130.2,20208.2,34250.7,2958.1,4296.6,4578,88808,1/12/2017,12,2017,276
276,2018 Jan,12642,249644,53186.5,32084.5,21102.1,19668.2,33518.4,2992.9,4605.6,4583,89993,1/1/2018,1,2018,277
277,2018 Feb,11130,224248,48984.1,29635.3,19348.8,17962.3,31021.8,2822.9,4135.9,4578,90585,1/2/2018,2,2018,278
278,2018 Mar,12546,238689,53776.6,34172.3,19604.2,18204.1,35572.5,3048.8,4168.3,4581,91153,1/3/2018,3,2018,279
279,2018 Apr,12133,241009,51969.9,32134.5,19835.5,18366.1,33603.9,2915.3,4233.3,4572,91628,1/4/2018,4,2018,280
280,2018 May,12225,236607,53372.1,34345.3,19026.8,17643.3,35728.8,3182.8,4283.5,4558,91600,1/5/2018,5,2018,281
281,2018 Jun,11192,226588,51768.1,32891.7,18876.3,17565.5,34202.6,3058.7,3922.3,4533,90707,1/6/2018,6,2018,282
282,2018 Jul,11605,226025,52268.8,33846,18422.7,16746.5,35522.2,3133.5,4035.8,4525,90793,1/7/2018,7,2018,283
283,2018 Aug,11389,222035,54838.2,33273.5,21564.8,20093.7,34744.5,3156.3,3962.9,4517,90993,1/8/2018,8,2018,284
284,2018 Sep,11367,230533,50349.8,31679.9,18669.9,17270.5,33079.3,2988.9,4112.1,4501,91380,1/9/2018,9,2018,285
285,2018 Oct,11629,233085,53547,32493.5,21053.5,19777.4,33769.7,3153.1,4125.2,4482,91435,1/10/2018,10,2018,286
286,2018 Nov,11187,228495,51785.3,31884.6,19900.6,18719.8,33065.5,3014.7,3906.1,4472,91387,1/11/2018,11,2018,287
287,2018 Dec,11723,235007,54278.8,33304,20974.8,19508.1,34770.8,3131.3,4307.8,4456,90944,1/12/2018,12,2018,288
288,2019 Jan,11678,248250,51930,31331.4,20598.6,19047.5,32882.5,2999.1,4199.4,4468,92133,1/1/2019,1,2019,289
289,2019 Feb,10275,214560,47962.1,28500.2,19461.9,18280.1,29682,2740.5,3780.4,4469,92486,1/2/2019,2,2019,290
290,2019 Mar,11509,229405,52019.7,34306.7,17712.9,16108.4,35911.3,3163.9,4090.8,4472,93075,1/3/2019,3,2019,291
291,2019 Apr,11243,226032,54329.1,32229.6,22099.5,20831.1,33498,2992.1,3712.1,4471,93926,1/4/2019,4,2019,292
292,2019 May,11697,235454,55848.5,32880.1,22968.4,21614.2,34234.3,3137.8,4006.5,4465,95411,1/5/2019,5,2019,293
293,2019 Jun,11138,227457,53341,31278.5,22062.6,20480,32861.1,2997,3919.9,4460,95808,1/6/2019,6,2019,294
294,2019 Jul,11554,238851,52124.6,33889.4,18235.2,16825.1,35299.5,3235.4,3878.2,4461,96234,1/7/2019,7,2019,295
295,2019 Aug,11739,236774,51066.4,32944.5,18121.9,16506.7,34559.8,3133.7,3668.9,4447,96116,1/8/2019,8,2019,296
296,2019 Sep,11547,244462,49785.2,31748.3,18036.9,16538.5,33246.7,3093.9,3898.4,4446,96885,1/9/2019,9,2019,297
297,2019 Oct,12026,250282,52557.7,32972.3,19585.4,18094.8,34462.9,3234.4,3767.7,4463,97736,1/10/2019,10,2019,298
298,2019 Nov,11743,244544,52378.8,33828.2,18550.6,17012.3,35366.5,3267.7,4075.6,4457,97780,1/11/2019,11,2019,299
299,2019 Dec,12148,258664,53177.9,33526.3,19651.7,18106,35071.9,3260.5,4465.7,4437,97320,1/12/2019,12,2019,300
300,2020 Jan,12134,263883,51044.7,32152.9,18891.8,17243.6,33801.2,3182.6,4514.7,4418,97375,1/1/2020,1,2020,301
301,2020 Feb,10879,234656,47761.1,29848.2,17912.9,16285.8,31475.2,2898.7,3879.7,4414,97442,1/2/2020,2,2020,302
302,2020 Mar,9827,251388,53344.5,34576.7,18767.8,17107,36237.5,3197.9,4322.3,4409,97333,1/3/2020,3,2020,303
303,2020 Apr,7015,230354,47611.1,30340.3,17270.7,15589.3,32021.8,2843.5,4113.7,4388,96838,1/4/2020,4,2020,304
304,2020 May,6582,223323,44620.5,27737.9,16882.6,15504.2,29116.3,2806.7,3925,4377,96747,1/5/2020,5,2020,305
305,2020 Jun,6701,227328,48163.7,29261.3,18902.4,17321.5,30842.2,2907.7,3829,4371,96444,1/6/2020,6,2020,306
306,2020 Jul,7178,252005,48752.1,30393.2,18358.9,16994.1,31758.1,3016.3,4157.7,4354,96395,1/7/2020,7,2020,307
307,2020 Aug,6958,244007,50448.1,32165.5,18282.6,16410.3,34037.8,3174.7,4168.9,4352,96196,1/8/2020,8,2020,308
308,2020 Sep,7255,240460,49197.3,31731.3,17465.9,15845.5,33351.8,3207.7,4217.6,4332,96164,1/9/2020,9,2020,309
309,2020 Oct,7502,243803,50058.5,32670.8,17387.8,15303.8,34754.8,3238.7,4152.4,4325,96394,1/10/2020,10,2020,310
310,2020 Nov,7347,246268,49760.1,32195.8,17564.3,16039.4,33720.7,3134.6,4262.5,4315,96165,1/11/2020,11,2020,311
311,2020 Dec,7479,245140,49976.5,33296.3,16680.2,14684.2,35292.3,3333.3,4289.6,4275,94998,1/12/2020,12,2020,312
312,2021 Jan,7641,255333,51042,32413.3,18628.7,16391.8,34650.1,3156,4503,4247,94287,1/1/2021,1,2021,313
313,2021 Feb,6990,236521,47445.2,30217.3,17227.9,14980.8,32464.4,2881.6,4120.1,4229,93806,1/2/2021,2,2021,314
314,2021 Mar,7788,245082,52683.4,33725.3,18958,17101.7,35581.6,3270.6,4199.3,4207,94171,1/3/2021,3,2021,315
315,2021 Apr,7500,239955,50261.3,31936.4,18324.9,16361.1,33900.2,3091.3,4256.5,4184,93592,1/4/2021,4,2021,316
316,2021 May,7211,238117,51385.1,33275,18110.1,15937.2,35447.9,3216.9,4071.8,4157,93693,1/5/2021,5,2021,317
317,2021 Jun,7247,231444,48768.8,31798.5,16970.3,15284.9,33483.9,3114.5,4113,4148,93701,1/6/2021,6,2021,318
318,2021 Jul,7246,229192,50446.9,32357.1,18089.8,16091.3,34355.6,3123.6,4063.8,4137,93593,1/7/2021,7,2021,319
319,2021 Aug,7178,226135,49773.4,32069.3,17704.1,15965.4,33807.9,3182.3,4071.9,4132,93870,1/8/2021,8,2021,320
320,2021 Sep,6918,221138,48263.5,30896.3,17367.2,15619.4,32644.1,3117.4,3935.3,4123,93493,1/9/2021,9,2021,321
321,2021 Oct,7098,230042,48764.4,30971.8,17792.6,16409.5,32354.9,2974.9,4254.7,4125,93754,1/10/2021,10,2021,322
322,2021 Nov,7130,230995,52126.3,32336.2,19790.1,17777.1,34349.2,3150,4221.6,4120,93298,1/11/2021,11,2021,323
323,2021 Dec,7286,229815,48682.5,33320.6,15361.8,13684.4,34998,3292.2,4177.8,4090,92336,1/12/2021,12,2021,324
324,2022 Jan,7213,234263,52096,32302,19794,18046.8,34049.2,3143.7,4029,4079,91946,1/1/2022,1,2022,325
325,2022 Feb,6440,207372,45205,29511.6,15693.4,14215,30989.9,2843.5,3506.8,4083,92135,1/2/2022,2,2022,326
326,2022 Mar,7307,223085,48660.1,31738.4,16921.7,15133.1,33527,3089.5,3769.9,4082,92615,1/3/2022,3,2022,327
327,2022 Apr,7608,225609,47132.1,30720.2,16411.9,14994.1,32138,3042,3750,4091,92908,1/4/2022,4,2022,328
328,2022 May,7815,239398,47283.1,30781.8,16501.3,14760.1,32523,3122,4044,4084,93131,1/5/2022,5,2022,329
329,2022 Jun,8301,230600,48278.8,30919.4,17359.3,15933.3,32345.5,3166.2,3756,4070,93149,1/6/2022,6,2022,330
330,2022 Jul,9044,246795,50927.3,32504.9,18422.5,16522.5,34404.8,3286.3,4119.2,4046,93132,1/7/2022,7,2022,331
331,2022 Aug,9129,244950,49200.5,31125.6,18074.9,16550.6,32649.9,3262.3,4116.3,4049,93469,1/8/2022,8,2022,332
332,2022 Sep,8976,231414,46599.3,28875.9,17723.4,15915.8,30683.4,3063.8,3959.5,4041,94022,1/9/2022,9,2022,333
333,2022 Oct,9451,251201,47054.7,29338.2,17716.6,15917.5,31137.3,3061.8,4252.8,4029,94286,1/10/2022,10,2022,334
334,2022 Nov,9442,248478,46726.8,29071.9,17655,16122.9,30603.9,2955.5,4375.6,4038,95062,1/11/2022,11,2022,335
335,2022 Dec,10081,245198,49057,30215.1,18841.9,16244.2,32812.8,3252.9,4217.8,4023,95472,1/12/2022,12,2022,336
336,2023 Jan,10035,257448,47812.4,29192.4,18620,16384.6,31427.9,2989.5,4378.3,4028,95977,1/1/2023,1,2023,337
337,2023 Feb,9202,226666,45592.9,27119.1,18473.8,17008.4,28584.5,2684.4,3795.9,4016,95966,1/2/2023,2,2023,338
338,2023 Mar,10270,254530,50523.3,33132.3,17391,15358.7,35164.6,3335.5,4179,4022,96608,1/3/2023,3,2023,339
339,2023 Apr,9987,259312,49521.8,32119.1,17402.8,15821.4,33700.4,3264.7,4258.8,4009,96941,1/4/2023,4,2023,340
340,2023 May,10324,266695,48185.6,32048.3,16137.3,14205.2,33980.4,3409.7,4525.3,3998,96412,1/5/2023,5,2023,341
341,2023 Jun,9845,250043,49414.5,31114.7,18299.8,16406.6,33007.9,3345.6,3932.9,3988,96365,1/6/2023,6,2023,342
342,2023 Jul,10196,260279,51218.7,32991.6,18227.1,16524.1,34694.6,3431.3,4517.5,3987,96964,1/7/2023,7,2023,343
343,2023 Aug,10070,263676,50045.2,32158.7,17886.5,16357.8,33687.5,3328.4,4255.1,3956,97282,1/8/2023,8,2023,344
